{
    "loss": 6.488415241241455,
    "accuracy": 0.45098039507865906
}