{
    "loss": 0.014034572057425976,
    "accuracy": 0.9901960492134094
}